vtkOriginalIndices,vtkOriginalPointIds,Points:0,Points:1,Points:2,__vtkIsSelected__,velocity:0,velocity:1,velocity:2
0,19406,0.389803,2.8703,-5.75634,0,15.7358,11.1168,-52.4504
1,34488,0.555035,2.8235,-5.71918,0,15.6664,9.7308,-48.3366
2,31216,0.612226,2.92549,-5.80119,0,14.8417,8.83726,-48.9968
3,40693,0.495463,2.93958,-5.89043,0,15.6965,10.0435,-52.13
4,29978,0.280934,3.20218,-6.51012,0,13.8831,6.18497,-56.2849
5,30372,0.38965,3.22545,-6.60544,0,13.9812,5.48349,-57.3529
6,19454,0.377245,3.3453,-6.5222,0,13.3836,5.43931,-55.3749
7,44950,0.279525,3.30462,-6.63887,0,14.4875,5.3882,-57.3759
8,23245,0.643699,3.08871,-5.69155,0,15.0877,9.83876,-50.0003
9,27434,0.608411,3.22627,-5.64864,0,13.9475,10.3094,-50.1833
10,26655,0.54918,3.21381,-5.78409,0,14.0385,7.92907,-48.1565
11,45856,0.694322,3.16549,-5.81856,0,14.2746,9.48116,-50.1815
12,13715,0.640348,2.56323,-5.54258,0,19.4624,15.0791,-62.6804
13,24237,0.703726,2.53179,-5.40349,0,18.641,15.7675,-62.0175
14,23817,0.510964,2.5519,-5.44063,0,17.7551,14.9997,-58.7077
15,35622,0.652427,2.64529,-5.34184,0,17.6991,13.9438,-56.7773
16,23645,0.223423,3.05454,-6.21783,0,14.3331,8.63249,-53.5624
17,27787,0.150517,3.20096,-6.14768,0,14.4313,8.34378,-52.4767
18,15455,0.0669654,3.0593,-6.07967,0,16.2164,10.3644,-53.0914
19,30164,0.0632621,3.06447,-6.24179,0,14.7763,11.0868,-54.7053
20,15789,0.408926,2.3677,-5.78831,0,20.551,15.0276,-59.7212
21,29433,0.430548,2.2855,-5.53145,0,17.4376,14.7158,-53.1399
22,27404,0.504134,2.4446,-5.70619,0,19.9619,15.2689,-59.7
23,30767,0.53199,2.29697,-5.73249,0,14.0165,9.01785,-38.0106
24,18554,-0.121563,3.21152,-5.47746,0,15.2379,13.2666,-51.8241
25,33629,-0.0329781,3.09893,-5.55345,0,14.933,11.9144,-48.6303
26,31276,-0.0106378,3.15276,-5.33431,0,13.3696,11.4724,-46.9729
27,34966,0.0132381,3.2382,-5.5329,0,14.8152,11.364,-49.4476
28,14225,-0.0752551,2.80757,-5.79293,0,16.2716,14.1564,-51.0419
29,39877,-0.19229,2.87748,-5.82928,0,18.8542,15.5233,-56.4991
30,18338,-0.114657,2.91319,-5.94178,0,18.9676,15.0209,-56.0503
31,43062,-0.0921818,2.94619,-5.76137,0,17.0765,13.8624,-51.5109
32,18269,-0.0191209,3.57219,-5.6349,0,12.7367,7.55483,-49.7221
33,29153,0.0799739,3.61624,-5.52215,0,11.1533,6.24093,-49.308
34,5407,0.0140574,3.74845,-5.57358,0,0,0,0
35,43356,0.0122838,3.62637,-5.75145,0,9.327,7.75496,-47.2018
36,39573,0.337455,3.07176,-6.55989,0,14.7355,6.88265,-57.0103
37,25438,0.376846,3.03376,-6.7002,0,14.1564,5.97116,-56.3367
38,40556,0.250273,3.05877,-6.66168,0,14.6716,7.7657,-58.1999
39,21403,0.281877,3.28965,-5.91239,0,13.8222,7.75374,-50.5489
40,33796,0.375293,3.31361,-6.02593,0,13.3921,7.02537,-49.1205
41,17175,0.321733,3.19561,-6.09941,0,14.8879,8.64497,-53.4943
42,36471,0.362166,3.15078,-5.92936,0,14.7897,8.70918,-52.8496
43,31732,0.0201803,2.98067,-5.95864,0,17.3264,12.775,-53.1608
44,34013,-0.0666698,3.01638,-6.06411,0,16.7367,13.2581,-55.7816
45,41802,-0.00056164,2.87131,-6.05815,0,15.7312,12.549,-53.8013
46,15947,0.780337,2.58764,-6.17801,0,18.0796,10.4389,-58.6176
47,24213,0.949229,2.62232,-6.22494,0,9.0984,6.85703,-51.7452
48,18754,0.782487,2.78945,-6.26296,0,15.9327,11.0906,-60.1917
49,27211,0.702707,2.66163,-6.28643,0,18.6919,11.7411,-61.799
50,42342,0.188357,2.97857,-5.55691,0,15.1666,12.271,-50.4923
51,43969,0.144383,3.08776,-5.72268,0,15.0554,10.857,-50.4851
52,35526,0.144673,3.15326,-5.58477,0,14.5276,10.4241,-48.8683
53,45382,0.0216255,2.98989,-5.6515,0,14.8452,11.8875,-49.0199
54,15673,0.380871,3.45925,-5.99512,0,13.6848,6.73384,-51.9563
55,33593,0.479879,3.54455,-5.85866,0,15.7562,7.3086,-60.7167
56,32641,0.433376,3.34513,-5.8918,0,13.5903,7.6337,-47.5839
57,36543,0.388973,3.44674,-5.7917,0,13.7552,8.32627,-50.2879
58,24720,0.788798,2.48437,-6.3289,0,7.29083,7.45375,-51.6308
59,28473,0.630624,2.44031,-6.24855,0,11.7495,9.29077,-54.3435
60,46830,0.807949,2.45192,-6.16076,0,7.37344,4.46459,-39.9808
61,23094,0.478182,3.17423,-6.50063,0,13.8875,6.42681,-57.7437
62,24379,0.584849,3.23971,-6.3982,0,13.6453,6.11518,-55.0323
63,13745,0.509774,3.12767,-6.30893,0,14.7397,7.49337,-56.563
64,25000,0.38249,3.12658,-6.39233,0,14.3038,7.34218,-56.5043
65,17375,0.111845,2.3078,-5.67242,0,18.8618,12.5428,-51.0402
66,21025,0.29503,2.31489,-5.65337,0,18.4903,15.4024,-56.7386
67,14227,0.175362,2.42075,-5.56148,0,17.5657,16.3476,-58.1292
68,27246,0.233843,2.43598,-5.68771,0,18.4331,15.6392,-59.879
69,18861,0.209656,3.65486,-6.47481,0,12.7026,3.99766,-61.8369
70,32362,0.160702,3.54512,-6.55645,0,15.7526,5.43677,-65.0904
71,26326,0.330671,3.49286,-6.50617,0,14.2459,4.3443,-58.2457
72,33727,0.294074,3.57907,-6.6215,0,15.6207,4.82805,-61.8955
73,24775,0.0889869,2.49916,-5.89848,0,22.9407,15.6426,-61.4659
74,34906,0.0806749,2.58825,-6.03499,0,22.6349,15.2113,-62.7604
75,17249,-0.0850247,2.60432,-5.89252,0,22.1868,17.0639,-60.2268
76,41276,-0.0439502,2.48099,-5.98805,0,20.4357,12.3038,-46.1111
77,19688,0.165044,2.84271,-5.87985,0,16.443,11.7212,-51.147
78,30913,0.192027,2.77221,-6.00862,0,17.7034,12.1898,-52.9285
79,29349,0.0152665,2.83575,-5.91401,0,16.6274,13.2916,-51.7179
80,44871,0.0620012,2.7255,-5.98642,0,18.5538,14.9968,-57.142
81,22694,-0.0845225,2.97828,-6.33671,0,20.7615,13.7592,-69.6218
82,36501,-0.0302267,3.13488,-6.35212,0,17.0864,11.699,-61.6299
83,42648,-0.0723033,3.03539,-6.20594,0,16.1568,12.1739,-57.5925
84,28097,0.107631,2.7969,-6.12922,0,16.4689,12.9652,-55.9861
85,26867,0.213296,2.63444,-6.06944,0,20.2122,15.0871,-62.2803
86,26671,0.198838,2.7303,-6.21025,0,16.4586,12.0111,-58.4856
87,34797,0.15474,2.61808,-6.29661,0,24.3944,16.5294,-67.452
88,25338,0.118808,2.54223,-6.17432,0,22.8464,12.8837,-61.9232
89,46164,0.292526,2.62534,-6.26299,0,18.9895,12.1444,-63.6494
90,20306,0.0183163,2.69137,-6.1149,0,20.126,14.7193,-61.5979
91,18221,0.290414,3.23627,-6.34085,0,14.0134,6.78795,-54.8256
92,38246,0.335724,3.37158,-6.38204,0,13.767,6.08445,-54.6243
93,31624,0.673601,3.34875,-5.70456,0,16.0902,10.4267,-56.9009
94,34632,0.542942,3.34583,-5.81258,0,13.166,8.64242,-47.7638
95,17241,-0.0301778,3.1917,-6.66768,0,16.2848,8.51853,-64.8323
96,29945,-0.0396685,3.30673,-6.52621,0,17.1698,9.85363,-66.2214
97,27760,-0.00565549,3.17407,-6.49643,0,17.1845,11.1338,-64.806
98,31334,-0.159122,3.24025,-6.61473,0,12.1417,3.08945,-51.9518
99,19017,0.132408,2.50561,-5.75442,0,18.4215,16.5105,-59.6121
100,25690,0.272446,2.56127,-5.63871,0,15.9915,13.6592,-53.1549
101,27966,0.194829,2.6208,-5.7294,0,16.962,13.8394,-52.8481
102,15084,-0.0779972,3.41575,-5.63015,0,15.7968,11.4447,-56.2953
103,36412,-0.155219,3.3153,-5.69123,0,16.4523,12.071,-55.0448
104,21819,-0.196459,3.5061,-5.63957,0,9.43066,7.13239,-35.9468
105,42724,-0.271006,3.43067,-5.5717,0,9.04378,9.09579,-36.3079
106,15265,-0.315534,3.1456,-5.63541,0,13.6607,13.6698,-51.8305
107,25036,-0.147196,3.18246,-5.64569,0,15.9847,13.5586,-54.1485
108,16616,-0.333487,3.22158,-5.78942,0,16.769,11.0487,-52.4713
109,25959,-0.224178,3.08421,-5.72254,0,16.489,14.988,-53.9615
110,27386,0.599856,2.42529,-5.59476,0,19.611,14.3708,-56.339
111,20929,0.454367,2.46473,-5.56893,0,18.7065,14.9374,-59.9598
112,17336,0.495515,2.58867,-5.73605,0,17.4089,11.9545,-56.1883
113,29155,0.566002,2.82604,-5.95312,0,14.9074,9.04321,-50.561
114,29480,0.52252,2.92843,-6.04803,0,15.2569,9.41444,-52.95
115,26681,0.735003,2.96132,-5.99224,0,14.0304,8.12298,-51.4586
116,39313,0.607675,3.02342,-5.98615,0,14.4467,8.09799,-51.0101
117,5510,0.310332,3.85802,-5.87577,0,0,0,0
118,5527,0.1904,3.83379,-6.03605,0,0,0,0
119,5486,0.147312,3.81438,-5.87046,0,0,0,0
120,21938,0.260104,3.71301,-5.92505,0,10.1077,5.63539,-44.5916
121,22117,0.303636,2.67452,-5.78479,0,17.1362,12.4596,-51.6504
122,30477,0.407492,2.78672,-5.90395,0,16.5454,11.3191,-52.6811
123,38348,0.290355,2.8059,-5.83032,0,16.2509,11.2109,-51.2572
124,5426,-0.224126,3.62415,-5.72667,0,0,0,0
125,5446,-0.0868205,3.70889,-5.72186,0,0,0,0
126,5470,-0.15837,3.67266,-5.88025,0,0,0,0
127,18219,-0.0674418,3.52753,-5.78863,0,13.0634,9.44623,-52.1588
128,5550,0.0812295,3.79738,-6.19775,0,0,0,0
129,26047,0.20536,3.71737,-6.16625,0,8.08976,2.6024,-42.1281
130,5588,0.254503,3.85518,-6.20361,0,0,0,0
131,39839,0.153027,3.69958,-6.30148,0,10.4461,1.90223,-42.6887
132,30610,0.0444497,2.79822,-5.4154,0,14.5601,12.9358,-48.3285
133,34846,0.159869,2.83247,-5.60206,0,15.8522,12.4409,-49.941
134,13845,0.148733,2.71044,-5.49267,0,15.6219,13.0698,-48.6915
135,46228,0.253039,2.8074,-5.50949,0,15.7166,12.8618,-50.6212
136,21286,0.401,3.30837,-5.7367,0,13.4957,7.88016,-49.3745
137,29385,0.476803,3.36989,-5.60631,0,14.0121,9.53725,-51.4435
138,5738,0.157739,3.81846,-6.58872,0,0,0,0
139,5739,0.0260102,3.75771,-6.66393,0,0,0,0
140,5669,0.013398,3.76197,-6.50866,0,0,0,0
141,22399,0.180969,3.67536,-6.61856,0,9.90424,1.14325,-52.7299
142,35606,0.826785,2.72634,-6.12955,0,16.3125,11.2326,-60.1147
143,17658,0.631889,2.87829,-6.13114,0,14.5525,8.34442,-52.6138
144,40753,0.810139,2.86668,-6.10815,0,16.2879,10.5197,-58.4253
145,15225,0.144141,3.54251,-5.65562,0,16.3898,9.82457,-62.4375
146,17503,0.269439,3.67227,-5.63892,0,12.3089,4.47649,-45.8347
147,16515,0.322589,3.61929,-5.80975,0,15.6821,8.69134,-60.0215
148,42302,0.274829,3.53616,-5.60427,0,13.9636,9.85125,-54.0917
149,28974,0.287606,3.34021,-6.19681,0,13.8021,6.62456,-53.5407
150,33662,0.103409,3.47607,-6.13557,0,13.805,8.06929,-55.1284
151,22091,0.119246,3.34059,-6.25352,0,16.5323,8.67313,-57.1091
152,36578,0.217853,3.44869,-6.26728,0,14.078,6.82216,-54.2353
153,28169,0.205907,2.94876,-5.70856,0,15.646,11.7012,-50.7662
154,41957,0.0881543,2.86307,-5.75077,0,16.3778,11.9605,-49.9569
155,16020,-0.238717,2.77003,-5.90805,0,21.9307,15.9784,-59.2616
156,18565,-0.165485,2.69256,-5.80704,0,18.5148,17.4788,-56.2877
157,25770,-0.22319,2.5403,-5.84129,0,18.4663,13.5732,-44.5853
158,23444,0.139689,3.56874,-6.4039,0,16.0328,4.95403,-66.2399
159,24979,0.284563,3.63903,-6.32081,0,13.2009,5.15672,-60.2183
160,14025,0.210444,3.45812,-6.41376,0,14.9822,6.21849,-56.0248
161,16964,0.172233,3.49886,-5.47544,0,16.1447,10.6393,-54.4411
162,37427,0.21333,3.67307,-5.50404,0,10.9069,7.32051,-41.6866
163,18097,0.664027,2.59424,-5.70884,0,20.2983,13.9929,-61.7745
164,20270,0.64365,2.41193,-5.74069,0,16.6274,9.14245,-47.1238
165,29619,0.549882,2.49959,-5.84478,0,18.6167,13.6027,-59.4321
166,30175,0.263572,3.41377,-5.69095,0,14.184,8.78667,-48.5346
167,5409,-0.419253,3.39567,-5.78469,0,0,0,0
168,23086,-0.195468,3.4491,-5.77881,0,13.0424,7.45466,-44.6178
169,15301,-0.188361,3.30697,-5.82767,0,17.1322,13.3403,-59.7662
170,31174,-0.289164,3.33764,-5.65457,0,14.8732,11.5994,-48.5881
171,28953,-0.012979,2.9971,-6.6845,0,17.2672,8.63207,-67.3582
172,28978,0.0632654,3.00598,-6.53773,0,16.5223,11.1821,-66.9312
173,23896,0.0342731,2.83692,-6.58175,0,18.7489,12.3773,-63.1337
174,30011,-0.0867924,2.92962,-6.50183,0,14.0053,9.60815,-54.4701
175,24185,0.125653,3.63409,-5.81924,0,12.2689,9.13243,-50.3601
176,43238,0.354178,3.73882,-5.73333,0,6.73052,3.78665,-34.7137
177,37858,0.300778,2.7529,-6.32486,0,15.192,9.99151,-57.1771
178,41103,0.308951,2.84196,-6.18266,0,15.5209,10.1629,-52.8695
179,20409,0.327466,2.9849,-6.3849,0,16.104,8.62205,-55.8055
180,44991,0.429015,2.84681,-6.25684,0,14.9881,9.8641,-54.8164
181,22387,0.340479,2.93643,-5.95069,0,15.6468,10.5164,-52.7063
182,14307,0.33298,2.75212,-6.05342,0,16.9337,11.6346,-53.0486
183,42412,0.287487,2.71402,-5.93082,0,16.1123,10.7561,-51.2362
184,31172,0.106648,2.44657,-6.04768,0,20.2219,12.1618,-51.5193
185,32084,-0.0248696,2.56484,-6.1722,0,19.1275,10.6396,-46.0346
186,25801,0.396474,3.31929,-6.71766,0,13.5657,4.23955,-57.6067
187,30445,0.431535,3.41755,-6.62688,0,13.6665,4.10374,-57.3515
188,5631,-0.127151,2.85241,-6.77179,0,0,0,0
189,5553,-0.152637,2.81,-6.60667,0,0,0,0
190,16319,0.770629,3.4499,-6.10332,0,14.5014,7.10742,-55.2701
191,37805,0.621383,3.49475,-6.15301,0,13.8688,5.2632,-55.6333
192,31735,0.594985,3.4829,-5.98384,0,14.6779,6.33392,-56.2898
193,39256,0.629786,3.35328,-5.9787,0,12.4997,6.18747,-52.0924
194,5589,-0.058627,3.73106,-6.26621,0,0,0,0
195,5529,-0.179796,3.62086,-6.24835,0,0,0,0
196,5528,-0.0799298,3.72192,-6.12043,0,0,0,0
197,22042,0.0126663,3.58173,-6.15159,0,13.5363,7.50295,-59.5061
198,21458,0.0728371,3.5964,-5.36715,0,12.6064,9.74702,-48.0432
199,40655,0.217381,3.59821,-5.3798,0,14.5296,9.52831,-52.8487
200,29763,0.845685,3.12529,-6.49535,0,12.2312,7.21543,-59.2796
201,35364,0.770333,3.21351,-6.39612,0,12.8143,5.273,-54.2801
202,25854,0.828663,2.99828,-6.37948,0,12.917,8.47896,-57.3445
203,41179,0.719457,3.08326,-6.40002,0,13.0299,6.6708,-54.0367
204,22471,0.0936172,3.05661,-5.46135,0,14.2161,12.0457,-48.5939
205,30511,-0.10629,2.97152,-5.45063,0,14.3377,12.6692,-47.5564
206,29462,0.00958716,2.87227,-5.54901,0,15.1517,12.3307,-48.4446
207,41499,0.0234166,2.94621,-5.43981,0,14.7393,12.5953,-48.8456
208,25521,0.764068,2.62696,-6.02989,0,16.3153,10.8689,-57.222
209,30305,0.678273,2.67297,-5.91551,0,17.9426,11.8087,-57.992
210,18538,0.613467,2.65714,-6.04247,0,16.0883,11.2569,-56.0874
211,40424,0.723985,2.79663,-6.01816,0,17.364,11.1681,-57.7922
212,19484,0.899015,2.63924,-5.95648,0,15.2396,9.14168,-55.4072
213,23268,0.798281,2.7188,-5.85173,0,19.1216,12.5454,-60.6497
214,41198,0.829238,2.51461,-5.92011,0,12.5901,7.0435,-46.344
215,5511,0.0420357,3.77895,-6.00974,0,0,0,0
216,25589,-0.0999306,3.09654,-5.78671,0,17.0737,12.7479,-53.0759
217,38240,0.0986385,3.1829,-5.83298,0,14.7467,10.4363,-49.835
218,28960,-0.0362158,3.24546,-5.90218,0,16.6651,11.6269,-55.5085
219,46217,0.0296024,3.11396,-5.92898,0,15.0168,10.9233,-51.628
220,22003,0.631157,3.34395,-5.5612,0,15.173,11.6915,-55.8692
221,16992,-0.223231,2.80491,-5.64249,0,16.703,16.565,-53.669
222,24710,-0.312293,2.8399,-5.7653,0,20.0846,16.406,-54.7593
223,18115,-0.133365,3.01039,-5.64501,0,15.9125,13.5385,-50.865
224,32435,-0.267702,3.01736,-5.60687,0,16.468,14.9219,-53.2629
225,5406,-0.135034,3.67576,-5.57323,0,0,0,0
226,30193,0.739726,3.17936,-6.25051,0,12.9076,6.32903,-51.4563
227,38611,0.80835,3.30122,-6.28754,0,11.9948,6.0855,-59.5223
228,35805,0.651866,3.3446,-6.2103,0,12.5424,6.18363,-52.185
229,41693,0.634467,3.38628,-6.34433,0,11.9415,4.97817,-52.732
230,26071,0.42595,2.67562,-6.48267,0,16.1473,10.3006,-61.7637
231,36178,0.365977,2.78658,-6.61805,0,18.0327,9.63317,-67.5142
232,14498,0.318784,2.76013,-6.47869,0,15.4654,10.0818,-60.0353
233,38910,0.24677,2.72237,-6.59042,0,18.7999,11.3854,-70.9949
234,19065,-0.327331,3.27245,-5.48751,0,14.0902,12.3751,-51.9863
235,21929,-0.191575,3.40612,-5.47713,0,14.2224,10.598,-51.8312
236,5368,-0.42715,3.43685,-5.45417,0,0,0,0
237,26491,0.283214,3.03941,-6.06539,0,16.0316,10.0312,-53.703
238,20330,0.402106,2.96776,-6.15355,0,14.8442,9.18929,-54.4509
239,27137,0.426709,3.03586,-6.02235,0,15.4596,9.39458,-54.2198
240,15741,0.797825,2.62083,-6.64392,0,13.1265,11.2286,-65.7288
241,16066,0.635206,2.62329,-6.58141,0,16.2968,11.042,-65.4958
242,14269,0.603479,2.73594,-6.71049,0,16.1287,9.06003,-62.6955
243,28715,0.659282,2.78284,-6.56568,0,15.4351,9.23387,-59.7813
244,20344,0.210079,3.42441,-6.62044,0,15.1266,5.95758,-60.3511
245,26577,0.0837482,3.41232,-6.45802,0,14.0967,8.49337,-57.0062
246,42645,0.239435,3.35502,-6.50308,0,14.4528,6.47188,-57.8005
247,5405,0.0890464,3.77188,-5.47777,0,0,0,0
248,19732,0.794388,3.13768,-6.03905,0,13.7957,8.43164,-52.2424
249,41779,0.686388,2.99833,-6.11082,0,13.1369,7.21027,-50.8671
250,17235,0.564682,2.46572,-6.465,0,11.5315,8.55534,-57.241
251,17307,0.580401,2.4735,-6.64162,0,9.31017,9.13814,-53.4562
252,15020,0.467228,2.5786,-6.56942,0,17.1083,10.2056,-63.817
253,31323,0.432583,2.44313,-6.52482,0,9.54112,7.07891,-49.4312
254,19171,-0.032538,2.44696,-5.82645,0,21.5547,14.8778,-54.7605
255,44716,-0.00631549,2.59988,-5.74411,0,18.4016,16.2686,-57.3988
256,16866,-0.371064,2.95204,-5.67469,0,19.0441,15.8528,-52.3392
257,29154,-0.387822,3.07328,-5.78791,0,16.5984,11.13,-49.9782
258,45460,-0.0479973,3.1472,-6.11749,0,17.0747,12.3903,-57.1038
259,41715,0.226119,2.70421,-5.61507,0,15.8034,12.2106,-49.5926
260,42403,0.374995,2.57792,-5.54422,0,15.6757,13.7016,-53.6179
261,44963,0.224268,2.53895,-5.51242,0,15.2143,13.7279,-51.2684
262,36108,0.161099,2.83667,-6.31483,0,16.1236,11.1042,-59.7978
263,42509,0.206832,2.92102,-6.22047,0,16.817,10.2917,-54.394
264,15734,0.710768,2.6008,-6.42603,0,14.2,10.4447,-61.1525
265,26755,0.711535,2.4841,-6.54099,0,9.5453,7.98341,-57.1114
266,32448,0.163764,2.97302,-5.83688,0,15.6888,10.6373,-51.1896
267,21064,0.106848,2.71878,-5.70811,0,16.294,12.7706,-50.2744
268,30874,0.0825455,2.73798,-5.84293,0,16.6249,13.8294,-52.7938
269,26508,0.473495,2.81525,-6.12658,0,15.7021,9.65289,-53.6131
270,27652,0.590933,2.72666,-6.18142,0,14.7454,9.53444,-54.8493
271,47221,0.369639,2.50375,-5.7379,0,17.3551,13.5168,-58.2053
272,27375,0.481617,3.16372,-5.6037,0,14.9922,9.01858,-46.129
273,16696,0.762425,3.64065,-6.34299,0,12.0112,1.96565,-61.8303
274,33526,0.65489,3.52755,-6.50038,0,14.5166,2.63264,-59.5105
275,14024,0.580025,3.51036,-6.38489,0,13.9324,4.71548,-57.9045
276,34106,0.768037,3.43184,-6.33492,0,13.1315,3.33078,-58.346
277,19350,0.457641,2.34726,-5.98915,0,11.1709,8.8521,-43.9411
278,5337,0.534781,2.19936,-5.84987,0,0,0,0
279,24374,0.57559,2.35465,-5.8771,0,13.8428,9.72714,-45.0546
280,17518,0.232291,3.09049,-5.85509,0,15.0601,10.0059,-51.1622
281,27839,0.347036,3.1358,-5.72209,0,15.4431,10.0598,-50.6362
282,45832,0.418519,3.20076,-5.81691,0,15.0821,8.41904,-50.5822
283,5416,0.634976,2.28201,-6.23228,0,0,0,0
284,14872,0.548865,2.41968,-6.11352,0,14.4218,12.6145,-55.1424
285,5432,0.471995,2.27739,-6.257,0,0,0,0
286,33976,0.230232,3.39992,-5.55571,0,14.6068,8.62816,-49.7712
287,26118,0.324867,3.49802,-5.39091,0,16.7279,11.515,-56.3184
288,5395,0.443266,2.2485,-6.10938,0,0,0,0
289,5377,0.561843,2.23773,-6.02868,0,0,0,0
290,21690,0.20482,3.24832,-5.72651,0,14.1764,9.84294,-48.7736
291,18995,-0.125279,3.44254,-5.95918,0,14.434,10.7562,-56.8254
292,5471,-0.261244,3.57735,-5.90445,0,0,0,0
293,18151,0.381517,2.57994,-6.36393,0,18.5644,11.9931,-63.7287
294,17813,0.275344,2.59078,-6.55934,0,16.9217,10.9526,-65.9537
295,26462,-0.0302858,3.39586,-5.47702,0,14.9187,11.6496,-52.8463
296,16606,0.133871,3.31666,-5.49758,0,13.8829,9.93964,-48.2819
297,36047,0.0621948,3.43964,-5.58544,0,15.5734,11.3064,-51.8577
298,14647,-0.196787,2.60235,-5.69547,0,19.3289,17.3721,-57.4418
299,14060,0.334188,3.59224,-5.48987,0,16.4,9.7934,-57.2645
300,24757,-0.0243622,2.70412,-6.28456,0,20.4829,15.5309,-60.8416
301,37928,-0.114498,2.8262,-6.32019,0,15.7,10.1414,-53.5613
302,5495,-0.0985887,2.62707,-6.42585,0,0,0,0
303,42986,-0.0257003,2.76262,-6.45905,0,17.0504,10.2971,-52.7684
304,25506,0.486345,2.81717,-5.52819,0,15.5494,12.0439,-50.4283
305,26639,0.504909,2.97285,-5.65508,0,15.0979,10.4987,-50.7699
306,13714,0.63262,2.85066,-5.60238,0,15.5556,9.96734,-48.3003
307,34165,0.55987,2.95481,-5.50887,0,14.645,11.1281,-49.5808
308,18675,0.539083,2.63245,-6.41957,0,18.8877,12.2186,-67.1419
309,42528,0.955329,2.9188,-6.35852,0,13.7937,11.7305,-63.0465
310,39603,0.73459,2.89806,-6.34183,0,13.5265,8.36784,-56.6921
311,43169,0.889144,3.00574,-6.26168,0,13.6165,9.29008,-58.801
312,21689,-0.455873,3.07473,-5.62358,0,13.3428,11.5115,-42.4765
313,24247,-0.354016,3.09906,-5.46974,0,15.2973,15.2442,-52.4401
314,5302,0.732662,2.27599,-5.62236,0,0,0,0
315,14263,0.739083,2.44571,-5.52875,0,13.001,5.89433,-36.2468
316,5279,0.76248,2.30822,-5.46316,0,0,0,0
317,19638,0.605255,2.37369,-5.4509,0,14.2546,12.7386,-44.7213
318,24150,-0.0600099,3.55449,-5.46849,0,11.6518,8.43596,-47.6725
319,16092,0.26134,2.26271,-5.46115,0,19.2544,18.0219,-55.5977
320,20788,0.133414,2.28403,-5.52942,0,18.1908,17.8483,-54.7403
321,5300,0.21582,2.13837,-5.65086,0,0,0,0
322,23173,0.131495,3.27588,-6.46386,0,15.1308,8.45758,-58.8489
323,42646,0.199238,3.3337,-6.36222,0,15.5128,7.39387,-57.7457
324,17332,0.307176,2.52807,-6.16056,0,19.455,11.9353,-59.7412
325,42362,0.338363,2.46116,-6.28811,0,17.7162,12.4132,-60.9972
326,28673,0.391658,2.39818,-6.12463,0,15.0069,11.601,-53.7919
327,45727,0.429759,2.49932,-6.20063,0,18.1148,12.0011,-60.0293
328,14336,0.450174,2.50016,-5.95779,0,21.583,14.2065,-64.076
329,36585,0.35575,2.40641,-5.91251,0,21.9717,15.0413,-63.3856
330,33653,0.285524,2.58063,-5.90337,0,16.3788,13.0189,-56.2674
331,45389,0.416864,2.58819,-5.85294,0,16.6177,11.3027,-55.6044
332,30162,0.775777,2.96438,-6.20665,0,13.7714,7.88375,-54.1571
333,31979,0.639269,3.00164,-6.31954,0,13.7037,7.26246,-54.5887
334,41086,0.771842,3.08825,-6.15986,0,12.9801,6.91799,-51.8427
335,5369,-0.450692,3.38863,-5.5844,0,0,0,0
336,5389,-0.367493,3.49765,-5.52632,0,0,0,0
337,5476,0.512599,2.33138,-6.57627,0,0,0,0
338,5518,0.699314,2.35029,-6.64844,0,0,0,0
339,5477,0.676436,2.32797,-6.50595,0,0,0,0
340,5374,0.121647,2.23693,-5.92453,0,0,0,0
341,17243,0.223776,2.44625,-5.93989,0,22.3564,15.8427,-62.8795
342,5414,0.157978,2.28569,-6.09601,0,0,0,0
343,45095,0.279052,2.37526,-6.04609,0,16.2143,9.24244,-49.5268
344,25460,0.886342,2.5341,-6.07376,0,10.4602,5.59283,-42.3266
345,21091,0.483472,2.44615,-6.309,0,14.9488,10.0754,-58.8643
346,18170,0.572871,2.58856,-6.25388,0,18.9816,12.2773,-63.9546
347,36027,0.684365,3.5057,-5.83258,0,15.6821,8.16054,-56.2394
348,22486,0.671025,3.33022,-5.85298,0,13.6747,8.70877,-53.9401
349,46210,0.737217,3.50815,-5.96794,0,15.7212,7.07883,-55.6047
350,45427,0.163978,2.99352,-5.98162,0,16.899,11.0242,-53.0309
351,28147,0.123063,2.72844,-6.65171,0,13.1956,6.88025,-54.6531
352,47307,0.141113,2.63181,-6.51691,0,14.3068,8.3951,-49.1928
353,18216,0.41511,2.48842,-6.67529,0,8.9832,10.0198,-52.1713
354,22040,0.570895,2.58138,-6.77207,0,14.386,12.3159,-72.0833
355,5394,0.0120406,2.32062,-6.0248,0,0,0,0
356,5498,0.236779,2.40216,-6.55736,0,0,0,0
357,5496,0.101069,2.46354,-6.47852,0,0,0,0
358,5535,0.148959,2.49401,-6.66764,0,0,0,0
359,5627,0.0137218,3.77,-6.34903,0,0,0,0
360,5590,-0.109296,3.67123,-6.41172,0,0,0,0
361,18691,0.045565,3.60201,-6.31803,0,12.66,4.0428,-58.8153
362,5338,0.780872,2.30067,-5.79948,0,0,0,0
363,33324,0.742564,2.40374,-5.65378,0,11.2076,3.83332,-31.4696
364,36053,0.776127,2.44268,-5.80294,0,10.7883,5.29348,-36.7308
365,32927,-0.13769,3.08225,-6.50112,0,16.7075,7.50419,-61.1432
366,36934,-0.0262561,3.03612,-6.44265,0,20.6343,13.6852,-69.6341
367,25060,0.462832,2.68824,-6.67546,0,16.955,8.39788,-63.6138
368,27048,0.426849,2.74939,-6.82254,0,15.4714,7.87982,-65.0117
369,38686,0.46308,2.82836,-6.71143,0,15.3275,8.50766,-63.5842
370,16510,0.48408,3.66689,-5.99183,0,15.162,6.89333,-56.3327
371,40833,0.385459,3.75595,-5.95918,0,9.76753,3.57779,-39.8298
372,24733,0.463207,3.7573,-6.14034,0,8.98137,2.64369,-46.0941
373,42854,0.590317,3.7522,-6.05807,0,8.18857,2.59915,-40.0306
374,33844,0.184787,3.13755,-5.99554,0,14.4485,9.6571,-51.2927
375,19158,0.498418,2.76902,-6.55098,0,14.6104,10.1207,-62.0781
376,44278,0.643923,2.72315,-6.43986,0,15.7533,10.44,-60.06
377,16227,0.508051,3.08576,-5.9068,0,15.2114,8.85554,-51.9456
378,42968,0.537306,3.04332,-5.77427,0,15.0905,9.43899,-50.3294
379,22246,0.238087,2.75497,-6.75473,0,15.8238,11.5531,-69.6399
380,26061,0.144522,2.75729,-6.8626,0,10.5192,6.30325,-48.7687
381,24693,0.0811416,2.83965,-6.75379,0,13.9406,6.5906,-57.5827
382,14303,-0.0391961,3.37023,-6.40126,0,16.089,10.3521,-62.8948
383,20729,-0.157495,3.44715,-6.42593,0,7.95099,1.79486,-43.2541
384,16294,-0.156508,3.25574,-6.46797,0,16.2959,6.16943,-60.6812
385,17991,0.444046,3.55155,-6.59507,0,14.1162,5.31271,-57.7947
386,14904,0.420149,3.66496,-6.47094,0,12.4152,3.39998,-57.4501
387,31666,0.473882,3.54083,-6.46336,0,14.7826,3.76016,-58.6114
388,25316,0.258869,3.46067,-5.86377,0,15.1856,7.64292,-53.4858
389,5445,0.301656,3.83288,-5.55099,0,0,0,0
390,5469,0.367768,3.84867,-5.64239,0,0,0,0
391,5487,0.251181,3.83637,-5.71345,0,0,0,0
392,44916,-0.206479,3.291,-5.55327,0,15.3959,12.1019,-53.4376
393,28835,0.0604741,2.9477,-6.35441,0,18.0156,13.283,-63.9261
394,45613,0.0870407,2.45819,-5.64526,0,18.8244,17.7287,-59.4853
395,40578,-0.0874608,2.85538,-5.65607,0,16.5947,13.7642,-50.1465
396,15948,0.0362575,3.54386,-6.48151,0,14.6182,5.37944,-65.2867
397,26650,-0.0801205,3.52185,-6.30102,0,10.9062,4.74052,-51.4197
398,14289,0.934362,2.78274,-6.42056,0,14.4591,10.8288,-60.9138
399,37909,0.924397,2.67413,-6.51082,0,8.55695,10.312,-67.4656
400,30790,0.868322,2.77806,-6.5889,0,14.1301,11.4962,-65.2667
401,40074,0.767496,2.69755,-6.52696,0,16.6284,10.2022,-61.106
402,22079,0.458713,3.45601,-5.46924,0,16.0251,11.5535,-53.5737
403,18456,0.575043,3.57084,-5.55739,0,16.6348,7.8412,-52.2823
404,37600,0.449848,3.58897,-5.68577,0,17.9159,8.38318,-65.6559
405,23330,0.413663,2.6765,-6.20566,0,17.7389,11.4486,-60.4032
406,27825,0.36051,2.60074,-6.03444,0,18.24,13.4314,-60.6843
407,5354,0.396048,2.21177,-5.94157,0,0,0,0
408,41263,0.0493388,3.49265,-5.88658,0,15.2665,9.03471,-54.5456
409,40696,0.0446201,3.64235,-5.92865,0,9.90383,4.96022,-45.97
410,17662,0.104956,3.08351,-6.39743,0,15.8673,10.0655,-56.5859
411,30196,0.193985,2.99056,-6.33994,0,15.9275,9.07176,-55.3273
412,5448,-0.329886,3.5127,-5.80173,0,0,0,0
413,24148,0.813599,2.51986,-5.68963,0,13.6981,7.01025,-43.3493
414,28935,0.727009,2.67825,-5.53573,0,19.6241,15.1668,-62.7722
415,6936,0.157775,3.80248,-5.58068,0,0,0,0
416,5537,0.452545,2.36194,-6.74354,0,0,0,0
417,24052,0.468193,2.51036,-6.87223,0,8.11286,6.40681,-47.0115
418,31895,0.460938,2.97737,-6.30017,0,14.4816,9.11805,-55.7594
419,20911,0.366998,2.7129,-5.58212,0,15.3189,12.3947,-50.5181
420,19389,0.900335,2.59533,-6.39468,0,9.43309,7.60452,-56.9338
421,5461,0.99662,2.44259,-6.32873,0,0,0,0
422,23825,0.0309565,2.99143,-5.80769,0,15.8711,11.3294,-50.5582
423,26852,0.591871,3.09244,-6.109,0,14.4837,7.87079,-53.1761
424,38773,0.367838,2.86225,-5.45802,0,15.2942,12.0935,-49.8824
425,41274,0.318038,2.86401,-5.61172,0,15.7619,11.976,-51.0018
426,33927,0.357803,3.13464,-5.43265,0,15.0635,10.8499,-49.8342
427,45819,0.231628,3.09555,-5.48716,0,14.3485,11.1078,-48.0058
428,28128,0.292588,3.21977,-5.55513,0,14.1015,9.55246,-48.9371
429,46928,0.265534,3.23696,-5.42059,0,14.4299,9.95354,-47.2744
430,23271,0.484051,3.36568,-6.38683,0,13.0791,4.86126,-53.9957
431,20449,0.160766,2.90103,-6.45459,0,16.8208,11.543,-64.7224
432,27719,0.644836,3.77539,-6.41313,0,6.00721,-0.587057,-41.0802
433,27726,0.640366,3.59405,-6.28726,0,15.0259,4.22139,-61.1553
434,22127,0.552379,3.69889,-6.32524,0,13.1605,4.23245,-61.5238
435,31674,0.683243,3.74455,-6.27369,0,9.38596,1.72225,-44.0988
436,38274,0.938901,3.06776,-6.41592,0,12.5993,9.89413,-60.6323
437,39151,0.759131,2.99712,-6.50922,0,13.3294,7.49698,-56.8649
438,26902,0.0828429,3.30477,-5.6455,0,14.5061,10.7976,-48.9028
439,37612,0.387481,3.46761,-5.65292,0,14.7939,10.3259,-52.4836
440,33328,0.449327,3.7227,-5.83919,0,10.9947,6.82645,-42.7165
441,5509,0.427463,3.87404,-5.9043,0,0,0,0
442,16576,0.323995,3.71138,-6.07302,0,10.9634,4.57869,-49.6909
443,15942,0.412207,3.61964,-6.20719,0,14.2711,6.03213,-59.3129
444,29025,0.392866,3.58394,-6.06805,0,15.7866,6.49027,-61.3087
445,25759,0.599431,2.78977,-6.32492,0,13.3663,8.194,-54.3376
446,45775,0.713381,2.39518,-5.92099,0,11.1117,8.09502,-38.6599
447,30966,0.390662,3.01721,-5.82125,0,15.4754,10.7458,-52.3526
448,33090,0.497712,3.50769,-6.25928,0,13.9762,4.25852,-57.6529
449,37591,0.498517,3.41733,-6.07774,0,12.6848,6.12232,-52.0213
450,35179,0.624353,3.10954,-6.23925,0,13.6845,6.71817,-53.8175
451,46173,0.683724,3.21581,-6.11195,0,13.5133,7.37456,-50.8575
452,42144,0.0514454,3.45417,-6.31982,0,13.9611,9.15088,-56.5554
453,19022,0.388895,3.50891,-6.36281,0,14.9727,5.4585,-58.5445
454,31841,0.404163,3.74753,-6.29974,0,11.2887,2.82221,-52.3882
455,5490,-0.291071,3.52489,-6.03257,0,0,0,0
456,5492,-0.341671,3.44329,-6.08825,0,0,0,0
457,5449,-0.35885,3.45096,-5.94267,0,0,0,0
458,19450,-0.245225,3.35976,-5.95129,0,13.6398,10.3255,-50.6276
459,15056,-0.253416,3.00454,-5.83437,0,18.7012,16.0089,-57.2777
460,14826,0.693636,2.53867,-5.8676,0,19.2251,11.9788,-57.9527
461,20582,-0.0867359,2.74854,-5.9891,0,19.5009,16.2849,-58.9076
462,22746,-0.197801,2.68959,-6.06694,0,19.3926,12.0802,-44.9898
463,17081,-0.12786,2.90625,-6.12791,0,24.0763,17.5286,-66.7715
464,36475,-0.245456,2.83191,-6.04619,0,18.1752,15.5598,-49.4424
465,43513,0.525613,3.03191,-6.43375,0,15.0916,8.27293,-58.6347
466,42428,0.1947,2.47938,-6.28423,0,17.3014,9.39116,-52.4081
467,32919,0.14387,3.44928,-5.77089,0,16.1603,9.03758,-56.1193
468,43417,0.169542,3.32786,-5.83696,0,14.3968,9.02633,-50.696
469,26826,0.307671,2.89674,-6.70058,0,16.6318,9.35299,-65.9417
470,31082,0.204584,2.8934,-6.79755,0,16.6471,10.1843,-71.5245
471,20210,0.173493,2.94907,-6.64748,0,16.9699,11.1482,-67.6599
472,45394,0.246567,2.85443,-6.59141,0,19.2613,11.4158,-69.7561
473,5355,0.696379,2.25432,-5.92031,0,0,0,0
474,5489,-0.196408,3.62881,-6.04578,0,0,0,0
475,21388,-0.155481,3.49746,-6.08908,0,11.0758,7.14119,-43.2625
476,5670,-0.0958158,3.65858,-6.58956,0,0,0,0
477,5628,-0.19832,3.55046,-6.51639,0,0,0,0
478,18258,-0.3248,2.89469,-5.9105,0,16.8813,13.611,-46.2816
479,31996,-0.100949,3.46622,-6.59411,0,9.61972,2.31971,-48.2958
480,5459,0.576589,2.30272,-6.38481,0,0,0,0
481,5458,0.404505,2.30187,-6.37906,0,0,0,0
482,44571,0.470065,2.39135,-5.45503,0,19.3795,15.774,-58.9429
483,23550,0.759317,2.78944,-5.62165,0,18.7453,13.7995,-61.0144
484,21187,0.559327,2.69558,-5.61714,0,16.24,11.0716,-51.2436
485,20703,0.0363041,3.4048,-6.59144,0,15.3794,8.98578,-62.8329
486,22783,0.0328556,3.31221,-6.69457,0,16.0885,9.40323,-67.3096
487,17291,-0.100024,3.35162,-6.69149,0,12.8627,0.704759,-57.3072
488,17602,0.644646,2.74109,-5.79386,0,16.6337,11.4492,-55.0136
489,32253,0.510333,2.69325,-5.84429,0,15.3355,10.9284,-53.7012
490,29312,0.483016,3.04293,-6.58562,0,14.777,7.86041,-59.9424
491,30780,0.649338,3.03605,-6.59921,0,14.672,6.16523,-56.6844
492,18853,0.618404,2.91057,-6.47458,0,13.0137,7.12759,-55.3979
493,43004,0.64659,2.54183,-6.13444,0,19.0309,12.3123,-62.5053
494,35941,0.454021,2.73763,-6.34284,0,16.321,9.35642,-59.1571
495,22548,0.457098,2.87688,-6.42239,0,14.9855,8.30091,-55.9574
496,18549,0.994755,2.90456,-6.55099,0,15.3257,10.523,-63.4685
497,33724,0.777321,2.85609,-6.47115,0,14.0041,9.15272,-59.5951
498,14858,0.871022,2.85777,-5.90508,0,17.9592,12.7955,-60.7619
499,24892,0.964086,2.84722,-6.01737,0,15.8998,10.5814,-57.5402
500,30180,-0.0625429,2.71375,-5.63406,0,16.5662,14.461,-49.8926
501,23983,0.63622,3.66451,-6.51189,0,13.5295,1.49454,-68.2059
502,21848,0.379086,2.92726,-6.56818,0,12.6692,6.88166,-54.4163
503,28150,0.292608,2.89095,-6.47315,0,13.1078,8.71014,-56.4123
504,5555,0.222967,2.48891,-6.84506,0,0,0,0
505,5536,0.297029,2.41164,-6.72238,0,0,0,0
506,26444,0.278086,2.55819,-6.70455,0,9.34352,9.68299,-53.0984
507,29667,0.444942,2.73268,-5.71375,0,15.8598,11.2928,-50.7821
508,38423,-0.172723,3.08176,-5.51788,0,16.63,13.8366,-52.4528
509,27528,0.562092,3.6457,-6.18058,0,13.6523,5.20443,-60.0307
510,27141,0.694001,3.65016,-6.10037,0,12.1393,4.32073,-58.0137
511,42478,0.792159,3.70128,-6.19132,0,9.54593,1.20656,-40.0318
512,5353,0.263577,2.19978,-5.88222,0,0,0,0
513,42999,0.248164,2.3426,-5.81506,0,19.7581,14.5332,-53.4159
514,5352,-0.159978,2.29506,-5.79591,0,0,0,0
515,5335,-0.00242337,2.21032,-5.75329,0,0,0,0
516,5315,-0.156498,2.22333,-5.64931,0,0,0,0
517,14611,-0.0307763,2.41024,-5.65172,0,22.2897,17.015,-59.245
518,20902,0.595347,2.73526,-5.43107,0,16.6734,11.874,-52.3396
519,30640,0.478742,2.67729,-5.50075,0,15.4977,13.0399,-51.1867
520,15007,0.499323,3.15111,-6.69795,0,15.0477,6.66921,-60.4698
521,31324,0.535239,3.29432,-6.65908,0,13.2695,5.10048,-56.7975
522,5516,0.0112887,2.56732,-6.53899,0,0,0,0
523,5497,-0.0144437,2.52527,-6.40236,0,0,0,0
524,17394,0.109518,2.71733,-6.39712,0,23.5933,15.6971,-70.409
525,25184,-0.183955,3.31677,-6.2897,0,16.2799,7.6729,-56.3785
526,42242,-0.0592313,3.34603,-6.27634,0,16.9587,11.229,-62.6234
527,17844,-0.24744,2.99017,-6.18186,0,17.6041,12.7057,-48.1743
528,5517,0.358186,2.35825,-6.62216,0,0,0,0
529,29237,0.139681,3.63304,-6.02602,0,12.1107,4.572,-55.3998
530,25623,-0.0837104,3.39516,-5.83732,0,14.7008,11.2209,-54.3827
531,5457,0.205528,2.35708,-6.36111,0,0,0,0
532,18417,0.291046,2.46964,-6.42742,0,16.0096,8.16231,-50.0456
533,26130,0.594257,3.45402,-5.48859,0,17.327,11.5321,-56.5373
534,22000,0.87404,3.58384,-6.19614,0,10.9219,4.73407,-57.0923
535,5376,0.276834,2.23714,-6.029,0,0,0,0
536,22295,0.14631,3.45831,-6.00329,0,16.1907,8.8035,-55.8343
537,39600,0.26286,3.18338,-6.22001,0,13.5869,7.35737,-52.7469
538,39639,0.0925208,3.21711,-6.33257,0,15.8625,9.23574,-58.0581
539,16233,0.401965,2.59401,-6.7789,0,14.7804,11.2234,-63.0876
540,30831,0.805415,2.71184,-6.38969,0,16.9111,10.9229,-61.7198
541,35085,0.471292,2.70288,-6.01366,0,14.8421,9.86316,-54.0127
542,40635,0.497368,2.57174,-6.1132,0,20.0841,12.9484,-63.8502
543,18522,0.77932,2.87717,-5.73154,0,17.4815,12.1999,-57.4476
544,15359,0.834619,2.69194,-5.69233,0,18.804,12.7893,-60.4388
545,26447,0.193561,2.89828,-6.0885,0,15.0876,10.0455,-52.23
546,46689,-0.0776967,2.61259,-6.03953,0,24.5584,16.2583,-56.5624
547,33286,0.178,3.29003,-6.02557,0,14.3943,8.51942,-52.2813
548,43980,0.688785,2.44401,-6.41253,0,8.40454,7.02894,-49.8848
549,24682,-0.0898243,3.27134,-6.06134,0,16.6664,12.0655,-57.9783
550,27005,-0.0291002,3.22854,-6.23299,0,17.7656,12.8439,-61.7247
551,33434,-0.267813,3.25774,-6.13413,0,13.9252,8.42956,-52.4142
552,21768,0.792347,3.52804,-6.51891,0,13.1045,3.7573,-61.6909
553,35819,0.0711779,2.57253,-5.59144,0,15.9006,15.289,-52.7792
554,39478,0.553141,3.09828,-5.49706,0,15.6604,9.63341,-46.4407
555,17457,-0.176658,3.12876,-6.17596,0,20.2323,14.1895,-67.1105
556,20437,-0.0654282,3.43268,-6.18125,0,14.9793,9.2159,-57.8876
557,5336,0.167537,2.1758,-5.76501,0,0,0,0
558,22131,0.317149,2.43857,-5.50424,0,18.3087,16.5211,-58.9633
559,16615,0.745567,2.47403,-6.03447,0,13.9029,8.39537,-52.9734
560,5475,0.337746,2.33578,-6.49287,0,0,0,0
561,17752,0.174783,3.57469,-6.20511,0,14.8161,5.7798,-57.0699
562,43863,0.118195,3.14354,-6.58571,0,14.9384,9.13365,-60.9677
563,46436,0.204762,3.03721,-6.49927,0,14.3267,7.8426,-55.8637
564,42765,0.0321116,3.28945,-5.3871,0,14.0578,11.1325,-49.0082
565,42915,0.134964,3.19136,-5.42198,0,13.9427,10.877,-47.1845
566,5591,-0.193574,3.58418,-6.37688,0,0,0,0
567,5456,0.190527,2.31265,-6.20884,0,0,0,0
568,5431,0.0831291,2.35701,-6.19142,0,0,0,0
569,5427,-0.452881,3.29002,-5.92056,0,0,0,0
570,20677,0.408152,2.99507,-5.49964,0,15.1875,11.3949,-50.4422
571,33761,0.399108,3.05515,-5.62328,0,15.2434,10.5607,-51.0793
572,5501,1.03797,2.47879,-6.46119,0,0,0,0
573,5500,0.901312,2.39111,-6.41678,0,0,0,0
574,26694,0.868891,2.54593,-6.5338,0,7.73752,7.60517,-54.362
575,20742,0.677597,3.16357,-6.50663,0,14.0398,5.84922,-56.0253
576,44015,0.805534,3.24314,-6.55322,0,13.5931,5.89452,-57.8714
577,44560,0.744331,3.34489,-6.44572,0,12.8803,3.88919,-56.5714
578,39867,0.392292,3.6671,-5.37843,0,12.7883,7.68643,-45.4891
579,37345,0.599364,2.50953,-5.99802,0,20.6997,12.9047,-60.3422
580,19704,0.552078,2.92809,-6.66641,0,12.7852,7.54953,-57.1616
581,42077,0.506746,2.901,-6.54503,0,12.6619,7.85364,-56.186
582,37386,0.250722,3.53483,-6.08091,0,15.9771,7.43694,-57.5831
583,14123,0.853674,3.00759,-6.62157,0,12.8169,9.13235,-60.6845
584,36916,0.638536,3.70693,-5.9118,0,9.37275,3.41134,-40.6157
585,5508,0.577071,3.87244,-5.93816,0,0,0,0
586,40450,-0.0437932,3.57082,-6.00396,0,12.0552,7.21739,-51.6337
587,5512,-0.077061,3.72464,-5.98565,0,0,0,0
588,22867,-0.173472,2.44342,-5.72316,0,19.61,12.6486,-48.9999
589,26723,0.0462649,2.88014,-6.2221,0,19.9167,15.0841,-62.6858
590,30668,-0.0578199,2.79327,-6.17877,0,26.2601,18.0984,-71.083
591,44073,0.465507,3.16488,-6.08335,0,14.5864,8.11601,-53.7245
592,17305,-0.326579,2.685,-5.77187,0,19.53,12.8408,-44.9232
593,5472,-0.397827,3.34674,-6.06444,0,0,0,0
594,5386,0.107043,3.76897,-5.35401,0,0,0,0
595,5384,0.386719,3.81315,-5.38432,0,0,0,0
596,24482,0.470144,3.68489,-5.50099,0,12.715,3.72803,-42.6844
597,37248,0.796447,3.57448,-6.09545,0,13.5662,4.22264,-59.2343
598,13755,0.443089,3.27299,-5.44187,0,13.2029,11.2788,-48.1243
599,26189,0.617036,3.25354,-5.36297,0,15.3247,14.6777,-56.4864
600,29585,0.653361,3.20165,-5.50338,0,14.544,12.3972,-52.8279
601,23682,0.144906,2.63798,-5.91536,0,17.1931,13.7447,-55.6538
602,33400,0.302902,2.71435,-5.42742,0,15.2565,12.9025,-49.3358
603,5388,-0.263269,3.59253,-5.53782,0,0,0,0
604,13761,0.0189821,3.16862,-5.69036,0,14.8108,11.1562,-49.8505
605,23685,0.0359801,3.34914,-5.78855,0,14.7294,10.1005,-52.0622
606,5597,0.371484,2.40792,-6.88802,0,0,0,0
607,45551,0.0276955,2.58321,-6.29169,0,17.0092,10.0192,-42.7709
608,5596,0.116363,2.5635,-6.79799,0,0,0,0
609,5554,0.0401048,2.60292,-6.69539,0,0,0,0
610,5375,-0.0330602,2.27885,-5.88661,0,0,0,0
611,45774,0.022223,3.46037,-5.71293,0,15.9752,10.5146,-53.3312
612,5373,-0.141717,2.36221,-5.93949,0,0,0,0
613,18328,-0.340562,2.85169,-5.58163,0,16.4749,16.9416,-54.3553
614,15517,-0.279955,3.2201,-5.97561,0,18.043,13.029,-57.5831
615,21906,-0.217012,3.1107,-6.04091,0,22.7874,14.9156,-65.9868
616,18274,-0.331303,3.08473,-5.93496,0,18.0761,11.806,-51.8271
617,43689,-0.213745,3.16314,-5.85532,0,15.2808,14.0238,-52.7462
618,5549,0.556081,3.88768,-6.12049,0,0,0,0
619,34646,0.562829,2.98437,-6.19911,0,14.8695,8.3086,-54.0912
620,5765,-0.0734324,3.65402,-6.75604,0,0,0,0
621,5708,-0.169048,3.55097,-6.69802,0,0,0,0
622,19868,0.0481587,3.61009,-6.62138,0,8.13513,2.64766,-51.7867
623,5460,0.743406,2.32256,-6.38264,0,0,0,0
624,24746,0.0558292,3.35001,-6.09682,0,15.8473,9.81086,-55.5834
625,5538,0.593575,2.3607,-6.76879,0,0,0,0
626,19648,0.74208,2.48885,-6.70186,0,5.65134,9.77542,-53.2345
627,30254,0.405852,3.22083,-6.23225,0,14.3054,7.55192,-54.4747
628,45054,0.365102,3.07992,-6.25282,0,14.5117,8.57431,-55.2146
629,20682,0.244361,2.63849,-6.41301,0,22.5358,14.0091,-72.7726
630,45277,0.543772,3.26328,-6.15663,0,13.4611,6.15316,-51.2974
631,5499,0.821239,2.36237,-6.53238,0,0,0,0
632,33871,0.310058,3.74022,-6.41884,0,7.18704,2.22336,-42.8684
633,5387,-0.0282904,3.72136,-5.43982,0,0,0,0
634,5705,0.288118,3.86264,-6.48976,0,0,0,0
635,5626,0.165788,3.82737,-6.37113,0,0,0,0
636,23508,0.8803,3.30202,-6.45426,0,12.8342,7.73129,-59.8699
637,5366,-0.188241,3.63513,-5.38646,0,0,0,0
638,26677,-0.076627,3.55463,-5.30825,0,11.4691,9.14046,-43.8909
639,25498,0.555469,3.44841,-5.72539,0,14.5461,9.31729,-51.3278
640,32167,0.541817,3.62402,-5.374,0,14.3815,7.28237,-40.9007
641,5434,0.983076,2.4296,-6.19916,0,0,0,0
642,5417,0.906991,2.37887,-6.09493,0,0,0,0
643,5299,-0.0466074,2.16255,-5.59887,0,0,0,0
644,18838,0.46204,3.36879,-6.21462,0,12.7048,4.94478,-50.8851
645,15109,-0.280496,2.94019,-5.49097,0,17.049,16.1075,-54.3581
646,41588,-0.164601,2.84393,-5.50819,0,16.2333,14.0493,-49.71
647,5413,-0.084256,2.43658,-6.13781,0,0,0,0
648,33548,0.0709038,3.34652,-5.9354,0,15.7328,10.2594,-54.4369
649,38235,0.0898869,2.34993,-5.82133,0,16.6413,11.5034,-45.7703
650,17093,0.423568,3.54313,-5.30735,0,17.0498,10.8743,-54.0378
651,5447,0.0898856,3.78671,-5.71469,0,0,0,0
652,5488,-0.0135742,3.75064,-5.86957,0,0,0,0
653,38194,0.597626,3.59587,-5.8618,0,14.7434,6.31977,-56.4339
654,43325,0.607171,3.61495,-6.00432,0,15.5474,6.02085,-58.1715
655,5424,0.459034,3.83736,-5.56279,0,0,0,0
656,5468,0.453499,3.86214,-5.74885,0,0,0,0
657,32799,0.203998,2.43604,-6.14632,0,17.556,11.2012,-51.5492
658,5624,0.567995,3.89389,-6.28528,0,0,0,0
659,44212,0.502039,3.77839,-6.43488,0,9.13431,2.37667,-49.2652
660,37199,0.234881,2.90976,-5.42539,0,15.148,12.7268,-50.8377
661,44954,0.333827,2.97944,-5.70879,0,15.5164,11.232,-51.7582
662,25580,0.292875,3.37191,-5.4337,0,14.0961,9.77455,-49.1903
663,24467,0.272911,2.64097,-6.86305,0,12.0035,9.14835,-55.7101
664,22194,0.703959,3.08923,-5.41102,0,16.781,13.5548,-53.2626
665,23638,0.525419,3.04314,-5.36683,0,14.5278,10.8468,-46.4932
666,17074,0.666626,2.92957,-5.39621,0,16.7329,14.4444,-56.1309
667,5668,0.311824,3.86997,-6.33805,0,0,0,0
668,5667,0.421094,3.88877,-6.38866,0,0,0,0
669,42217,0.682868,2.3985,-6.12946,0,7.17841,7.22544,-38.5411
670,39373,0.610072,3.37594,-6.48327,0,12.7916,4.43883,-55.0334
671,46406,0.505375,3.30351,-6.52786,0,13.145,5.17475,-55.5635
672,32697,0.916429,2.59295,-5.79782,0,10.4107,5.14049,-41.9669
673,5408,-0.345399,3.51202,-5.64784,0,0,0,0
674,5430,-0.209856,2.57414,-6.15857,0,0,0,0
675,5415,0.306334,2.27786,-6.20764,0,0,0,0
676,15588,-0.0465608,3.39943,-5.31627,0,15.3562,12.654,-54.3821
677,29745,0.0909438,3.44629,-5.35901,0,15.6173,11.8126,-52.0879
678,5356,0.662026,2.23,-5.77572,0,0,0,0
679,24737,0.465268,3.40925,-5.33445,0,13.8142,11.544,-50.0307
680,15707,0.602474,3.44468,-5.35222,0,18.0149,10.4065,-55.7436
681,36824,0.643031,3.17314,-5.96654,0,14.0339,7.38562,-49.7631
682,5393,-0.247562,2.48595,-5.99687,0,0,0,0
683,18287,-0.103788,3.09907,-5.95582,0,16.2171,14.6327,-55.4624
684,45400,0.799056,2.89008,-6.59677,0,13.3385,9.38238,-60.9617
685,5343,-0.0378393,3.70554,-5.28035,0,0,0,0
686,40747,0.226214,3.10688,-5.34482,0,14.3655,11.4816,-46.8271
687,32375,0.724197,2.97445,-5.62357,0,17.0117,12.4427,-55.6291
688,31926,0.0491373,3.20643,-6.02799,0,15.384,9.78198,-53.6112
689,44063,0.211546,3.58158,-5.91701,0,14.0574,8.70368,-54.5349
690,42123,0.983254,2.92762,-6.21039,0,15.7114,11.0663,-61.7431
691,40447,0.0922562,3.19328,-6.73095,0,14.731,8.72893,-63.7855
692,31342,0.22406,3.18752,-6.69107,0,13.5412,6.98725,-59.022
693,14433,0.15146,3.58938,-6.73537,0,14.2956,3.67258,-67.5352
694,19913,-0.00708829,3.49251,-6.73925,0,12.8785,4.07662,-60.6173
695,14493,0.247548,3.63574,-5.24292,0,13.0776,7.5864,-43.8942
696,45091,0.141704,3.30074,-6.60362,0,15.0848,7.845,-59.957
697,38052,-0.211824,3.38794,-6.16614,0,13.0136,6.29256,-46.3763
698,5526,0.396821,3.87851,-6.042,0,0,0,0
699,46337,0.142672,2.77843,-6.51743,0,22.6686,14.0302,-73.2136
700,5519,0.956192,2.43691,-6.59106,0,0,0,0
701,16433,0.953216,2.59951,-6.64696,0,7.09164,9.21693,-54.4059
702,24027,0.520722,3.28348,-6.01437,0,13.392,6.63386,-48.8517
703,21203,0.313527,3.72768,-6.57484,0,9.84126,3.42635,-51.7983
704,37381,-0.41609,2.76913,-5.7159,0,14.4029,10.4414,-39.3924
705,26187,-0.181444,3.12488,-6.35228,0,17.7112,9.4287,-61.0668
706,5455,0.0303387,2.44183,-6.30836,0,0,0,0
707,17170,-0.269136,2.97973,-6.02286,0,18.5431,11.3187,-56.5924
708,34399,0.613076,3.64043,-5.74229,0,16.9792,6.61603,-51.2969
709,26127,0.720582,2.92956,-6.69521,0,13.3922,7.28215,-58.4075
710,46388,0.17609,3.33101,-5.36136,0,13.7589,10.1901,-48.4425
711,33673,0.831262,3.22277,-5.8691,0,15.5455,10.4658,-56.3767
712,37914,0.751886,3.30476,-6.00657,0,13.8612,9.20206,-55.6484
713,5548,0.695289,3.86132,-6.06299,0,0,0,0
714,5625,0.712231,3.86841,-6.19828,0,0,0,0
715,35563,0.364162,3.45794,-6.14416,0,14.9334,6.40257,-55.1243
716,5491,-0.27879,3.51678,-6.16135,0,0,0,0
717,5317,0.332406,2.16531,-5.75435,0,0,0,0
718,25099,0.957174,2.74973,-6.28522,0,12.7644,8.77925,-56.182
719,22306,0.144959,3.34104,-6.77087,0,14.5245,8.07889,-62.6269
720,30734,0.114765,3.00276,-6.8013,0,16.3853,8.78269,-69.3379
721,31634,0.92443,3.15948,-6.3175,0,12.7964,7.28313,-61.1798
722,33079,-0.185808,3.49006,-5.36602,0,9.9346,9.41799,-42.0565
723,35978,0.304019,3.33156,-5.27889,0,13.8192,10.7947,-48.5651
724,27102,0.454807,3.75138,-6.57993,0,10.9687,0.181572,-54.8671
725,43376,0.344257,3.33321,-5.61369,0,14.2268,8.72859,-48.8366
726,5540,0.871781,2.40483,-6.70161,0,0,0,0
727,5485,0.689346,3.82167,-5.78484,0,0,0,0
728,47275,0.712182,3.02191,-5.85721,0,14.7832,9.12269,-51.0616
729,5316,0.0855917,2.14432,-5.63141,0,0,0,0
730,41235,0.829108,3.53923,-6.30608,0,12.5194,3.85632,-60.2321
731,5396,0.761689,2.29571,-6.08608,0,0,0,0
732,5378,0.83919,2.33657,-5.95044,0,0,0,0
733,22335,0.37686,3.09944,-5.27486,0,14.1467,11.5879,-48.0502
734,5277,0.330873,2.11746,-5.57847,0,0,0,0
735,5404,0.585341,3.76926,-5.41851,0,0,0,0
736,36488,-0.0862979,2.54812,-5.59421,0,17.568,17.1198,-56.6001
737,5278,0.632296,2.20885,-5.48629,0,0,0,0
738,5587,0.419265,3.88661,-6.22617,0,0,0,0
739,14054,0.227487,3.47112,-5.29843,0,15.5233,13.0425,-57.0121
740,41854,0.401279,3.65917,-5.23042,0,10.25,6.16429,-34.3233
741,5474,-0.268425,2.80353,-6.31066,0,0,0,0
742,5595,-0.0496755,2.72072,-6.73041,0,0,0,0
743,5301,0.530789,2.16297,-5.65964,0,0,0,0
744,17627,0.349093,2.55455,-5.40819,0,14.9389,14.5007,-52.9646
745,40755,0.903464,3.09986,-6.16933,0,12.3399,9.86624,-58.6644
746,47191,0.479499,3.08577,-6.18776,0,15.2786,8.39493,-56.0218
747,35746,0.482364,2.87953,-5.37093,0,14.6669,12.4383,-49.0776
748,5454,-0.099044,2.54581,-6.29587,0,0,0,0
749,46801,-0.392461,3.2514,-5.67105,0,12.0655,10.419,-41.0942
750,43534,0.867725,3.31643,-6.12568,0,13.1361,7.05139,-59.6043
751,5425,0.213595,3.80738,-5.44657,0,0,0,0
752,15098,0.568099,3.43901,-6.62308,0,13.6539,3.84214,-57.3243
753,20115,0.906747,2.96749,-6.0776,0,15.4582,11.3817,-59.6305
754,39883,0.703214,2.61497,-6.74565,0,13.8249,10.7553,-67.4359
755,5737,0.432292,3.88969,-6.54977,0,0,0,0
756,31081,0.444055,2.65666,-5.35823,0,15.1358,12.7342,-49.8648
757,5433,0.846137,2.34741,-6.24501,0,0,0,0
758,5534,-0.0684071,2.67649,-6.58124,0,0,0,0
759,5525,0.774227,3.81777,-5.94598,0,0,0,0
760,5365,0.519071,3.7366,-5.23366,0,0,0,0
761,5453,-0.19593,2.67351,-6.30444,0,0,0,0
762,5452,-0.306262,2.73039,-6.15882,0,0,0,0
763,37075,0.879334,3.44411,-6.44343,0,14.2296,5.38692,-61.0111
764,17631,0.968995,2.78259,-6.14844,0,15.6315,8.97632,-57.3448
765,42202,-0.239865,3.20153,-6.26412,0,14.4817,6.25799,-52.9214
766,5530,-0.270945,3.48717,-6.34817,0,0,0,0
767,26333,0.869587,2.54691,-6.76428,0,7.56378,10.3395,-50.7298
768,5704,0.583768,3.89666,-6.47385,0,0,0,0
769,5665,0.751132,3.86738,-6.36452,0,0,0,0
770,5632,0.0472012,2.6529,-6.85733,0,0,0,0
771,5342,0.335798,3.77877,-5.19452,0,0,0,0
772,5385,0.239727,3.79671,-5.31086,0,0,0,0
773,45827,-0.0591183,3.2522,-5.76673,0,16.004,11.4871,-53.48
774,5345,-0.331967,3.53498,-5.3956,0,0,0,0
775,5263,0.474195,2.11536,-5.47453,0,0,0,0
776,24835,0.78728,2.78221,-6.75056,0,15.0552,11.0433,-64.7504
777,34343,0.597221,3.5769,-6.61919,0,15.05,2.10036,-65.6147
778,5444,0.632876,3.80178,-5.60305,0,0,0,0
779,46577,0.721733,2.84879,-5.87476,0,15.7902,10.0053,-54.2585
780,31246,0.481358,3.21249,-5.30757,0,14.2352,11.8462,-50.5105
781,40067,0.24897,2.97386,-5.25772,0,14.2896,12.549,-49.3233
782,40984,0.57549,3.34152,-5.26909,0,15.6494,13.5489,-54.6342
783,45438,0.876839,3.44625,-6.19089,0,14.091,6.37464,-56.7863
